{
    "id": 20,
    "ordered_stores": "[]ordered_store",
    "map_address": "",
    "latitude": "12.5856658",
    "longitude": "77.6543283",
    "price": 10.0,
    "amount_paid": 40.0,
    "quantity": 1.0,
    "order_date": "2020-04-12T22:12:18.698603+05:30",
    "payment_id": "",
    "status_id": 1,
    "last_modified": "2020-04-12T22:12:18.698768+05:30",
    "deliveryCharges": 30.0,
    "packingCharge": 30.0,
    "tax": 0.0,
    "discount": 0.0,
    "payment_type": 2,
    "user_id": 2,
    "address_id": null,
    "product_id": null,
    "deliveryPersonName": null,
    "deliveryPersonPhone": null,
    "deliveryPersonImage": "https://mr-mart.s3.amazonaws.com/static/avatars/hotel_design.png"
  }