{"v":"5.5.7","meta":{"g":"LottieFiles AE 0.1.20","a":"","k":"","d":"","tc":""},"fr":26,"ip":0,"op":78,"w":24,"h":27,"nm":"Map Marker","ddd":0,"assets":[],"layers":[{"ddd":0,"ind":1,"ty":4,"nm":"White Outlines","sr":1,"ks":{"o":{"a":1,"k":[{"i":{"x":[0.833],"y":[0.833]},"o":{"x":[0.333],"y":[0]},"t":5,"s":[0]},{"t":15,"s":[100]}],"ix":11},"r":{"a":1,"k":[{"i":{"x":[0.833],"y":[1]},"o":{"x":[0.333],"y":[0]},"t":15,"s":[0]},{"i":{"x":[0.833],"y":[0.833]},"o":{"x":[0.867],"y":[0]},"t":17,"s":[0]},{"i":{"x":[0.833],"y":[0.833]},"o":{"x":[0.167],"y":[0.167]},"t":25,"s":[20]},{"i":{"x":[0.833],"y":[0.833]},"o":{"x":[0.816],"y":[0]},"t":27,"s":[20]},{"i":{"x":[0.833],"y":[0.833]},"o":{"x":[0.167],"y":[0.167]},"t":35,"s":[-20]},{"i":{"x":[0.833],"y":[0.833]},"o":{"x":[0.877],"y":[0]},"t":37,"s":[-20]},{"i":{"x":[0.833],"y":[0.833]},"o":{"x":[0.167],"y":[0.167]},"t":46,"s":[20]},{"i":{"x":[0.833],"y":[0.833]},"o":{"x":[0.852],"y":[0]},"t":48,"s":[20]},{"i":{"x":[0.833],"y":[0.833]},"o":{"x":[0.167],"y":[0.167]},"t":58,"s":[-20]},{"i":{"x":[0.892],"y":[0.761]},"o":{"x":[0.365],"y":[0]},"t":60,"s":[-20]},{"t":70,"s":[0]}],"ix":10},"p":{"a":1,"k":[{"i":{"x":0.667,"y":1},"o":{"x":0.758,"y":0},"t":5,"s":[12,12.375,0],"to":[0,1.597,0],"ti":[0,-1.597,0]},{"i":{"x":0.833,"y":0.833},"o":{"x":0.333,"y":0.333},"t":15,"s":[12,21.958,0],"to":[0,0,0],"ti":[0,0,0]},{"t":17,"s":[12,21.958,0]}],"ix":2},"a":{"a":0,"k":[2.75,12.708,0],"ix":1},"s":{"a":1,"k":[{"i":{"x":[0.667,0.667,0.667],"y":[1,1,1]},"o":{"x":[0.675,0.634,0.333],"y":[0,0,0]},"t":5,"s":[50,50,100]},{"i":{"x":[0.833,0.833,0.833],"y":[1,0.833,1]},"o":{"x":[0.265,1,0.333],"y":[0,0,0]},"t":15,"s":[100,90,100]},{"t":17,"s":[100,100,100]}],"ix":6}},"ao":0,"shapes":[{"ty":"gr","it":[{"ind":0,"ty":"sh","ix":1,"ks":{"a":0,"k":{"i":[[-1.381,0],[0,-1.381],[1.381,0],[0,1.381]],"o":[[1.381,0],[0,1.381],[-1.381,0],[0,-1.381]],"v":[[0,-2.5],[2.5,0],[0,2.5],[-2.5,0]],"c":true},"ix":2},"nm":"Path 1","mn":"ADBE Vector Shape - Group","hd":false},{"ty":"fl","c":{"a":0,"k":[1,1,1,1],"ix":4},"o":{"a":0,"k":100,"ix":5},"r":1,"bm":0,"nm":"Fill 1","mn":"ADBE Vector Graphic - Fill","hd":false},{"ty":"tr","p":{"a":0,"k":[2.75,2.75],"ix":2},"a":{"a":0,"k":[0,0],"ix":1},"s":{"a":0,"k":[100,100],"ix":3},"r":{"a":0,"k":0,"ix":6},"o":{"a":0,"k":100,"ix":7},"sk":{"a":0,"k":0,"ix":4},"sa":{"a":0,"k":0,"ix":5},"nm":"Transform"}],"nm":"Group 1","np":2,"cix":2,"bm":0,"ix":1,"mn":"ADBE Vector Group","hd":false}],"ip":0,"op":78,"st":0,"bm":0},{"ddd":0,"ind":2,"ty":4,"nm":"Black Outlines","sr":1,"ks":{"o":{"a":1,"k":[{"i":{"x":[0.667],"y":[1]},"o":{"x":[0.333],"y":[0]},"t":5,"s":[0]},{"i":{"x":[0.833],"y":[1]},"o":{"x":[0.333],"y":[0]},"t":15,"s":[100]},{"t":17,"s":[100]}],"ix":11},"r":{"a":1,"k":[{"i":{"x":[0.833],"y":[1]},"o":{"x":[0.333],"y":[0]},"t":15,"s":[0]},{"i":{"x":[0.833],"y":[0.833]},"o":{"x":[0.854],"y":[0]},"t":17,"s":[0]},{"i":{"x":[0.833],"y":[0.833]},"o":{"x":[0.167],"y":[0.167]},"t":25,"s":[20]},{"i":{"x":[0.833],"y":[0.833]},"o":{"x":[0.897],"y":[0]},"t":27,"s":[20]},{"i":{"x":[0.833],"y":[0.833]},"o":{"x":[0.167],"y":[0.167]},"t":35,"s":[-20]},{"i":{"x":[0.833],"y":[0.833]},"o":{"x":[0.858],"y":[0]},"t":37,"s":[-20]},{"i":{"x":[0.833],"y":[0.833]},"o":{"x":[0.167],"y":[0.167]},"t":46,"s":[20]},{"i":{"x":[0.833],"y":[0.833]},"o":{"x":[0.887],"y":[0]},"t":48,"s":[20]},{"i":{"x":[0.833],"y":[0.833]},"o":{"x":[0.167],"y":[0.167]},"t":58,"s":[-20]},{"i":{"x":[0.833],"y":[0.833]},"o":{"x":[0.167],"y":[0]},"t":60,"s":[-20]},{"t":70,"s":[0]}],"ix":10},"p":{"a":1,"k":[{"i":{"x":0.667,"y":1},"o":{"x":0.813,"y":0},"t":5,"s":[12.021,12.572,0],"to":[0,1.576,0],"ti":[0,-1.576,0]},{"i":{"x":0.833,"y":0.833},"o":{"x":0.333,"y":0.333},"t":15,"s":[12.021,22.031,0],"to":[0,0,0],"ti":[0,0,0]},{"t":17,"s":[12.021,22.031,0]}],"ix":2},"a":{"a":0,"k":[6.271,16.281,0],"ix":1},"s":{"a":1,"k":[{"i":{"x":[0.667,0.667,0.667],"y":[1,1,1]},"o":{"x":[0.758,0.771,0.333],"y":[0,0,0]},"t":5,"s":[50,50,100]},{"i":{"x":[0.833,0.833,0.833],"y":[1,0.833,1]},"o":{"x":[0.333,1,0.333],"y":[0,0,0]},"t":15,"s":[100,90,100]},{"t":17,"s":[100,100,100]}],"ix":6}},"ao":0,"shapes":[{"ty":"gr","it":[{"ind":0,"ty":"sh","ix":1,"ks":{"a":0,"k":{"i":[[1.375,0],[0,1.406],[-1.406,0],[0,-1.375]],"o":[[-1.406,0],[0,-1.375],[1.375,0],[0,1.406]],"v":[[0,0.438],[-2.5,-2.062],[0,-4.562],[2.5,-2.062]],"c":true},"ix":2},"nm":"Path 1","mn":"ADBE Vector Shape - Group","hd":false},{"ind":1,"ty":"sh","ix":2,"ks":{"a":1,"k":[{"i":{"x":0.833,"y":0.833},"o":{"x":0.333,"y":0},"t":15,"s":[{"i":[[-4.562,-6.562],[-0.282,0.438],[0,2.438],[3.313,0],[0,-3.312]],"o":[[0.281,0.438],[4.562,-6.562],[0,-3.312],[-3.344,0],[0,2.438]],"v":[[-0.625,7.624],[0.594,7.624],[6,-2.062],[0,-8.062],[-6,-2.062]],"c":true}]},{"i":{"x":0.833,"y":0.833},"o":{"x":0.868,"y":0},"t":17,"s":[{"i":[[-4.562,-6.562],[-0.282,0.438],[0,2.438],[3.313,0],[0,-3.312]],"o":[[0.281,0.438],[4.562,-6.562],[0,-3.312],[-3.344,0],[0,2.438]],"v":[[-0.625,7.624],[0.594,7.624],[6,-2.062],[0,-8.062],[-6,-2.062]],"c":true}]},{"i":{"x":0.833,"y":0.833},"o":{"x":0.167,"y":0.167},"t":25,"s":[{"i":[[-4.562,-6.562],[-0.282,0.438],[-0.125,3.943],[3.313,0],[0,-3.312]],"o":[[0.281,0.438],[0.992,-3.762],[0.105,-3.31],[-3.344,0],[0,2.438]],"v":[[-0.625,7.624],[0.594,7.624],[6,-2.062],[0,-8.062],[-6,-2.062]],"c":true}]},{"i":{"x":0.833,"y":0.833},"o":{"x":0.897,"y":0},"t":27,"s":[{"i":[[-4.562,-6.562],[-0.282,0.438],[-0.125,3.943],[3.313,0],[0,-3.312]],"o":[[0.281,0.438],[0.992,-3.762],[0.105,-3.31],[-3.344,0],[0,2.438]],"v":[[-0.625,7.624],[0.594,7.624],[6,-2.062],[0,-8.062],[-6,-2.062]],"c":true}]},{"i":{"x":0.833,"y":0.833},"o":{"x":0.167,"y":0.167},"t":35,"s":[{"i":[[-2.088,-5.606],[-0.282,0.438],[0,2.438],[3.313,0],[0.083,-3.311]],"o":[[0.281,0.438],[4.562,-6.562],[0,-3.312],[-3.344,0],[-0.111,4.463]],"v":[[-0.625,7.624],[0.594,7.624],[6,-2.062],[0,-8.062],[-6,-2.062]],"c":true}]},{"i":{"x":0.833,"y":0.833},"o":{"x":0.917,"y":0},"t":37,"s":[{"i":[[-2.088,-5.606],[-0.282,0.438],[0,2.438],[3.313,0],[0.083,-3.311]],"o":[[0.281,0.438],[4.562,-6.562],[0,-3.312],[-3.344,0],[-0.111,4.463]],"v":[[-0.625,7.624],[0.594,7.624],[6,-2.062],[0,-8.062],[-6,-2.062]],"c":true}]},{"i":{"x":0.833,"y":0.833},"o":{"x":0.167,"y":0.167},"t":46,"s":[{"i":[[-4.562,-6.562],[-0.282,0.438],[-0.125,3.943],[3.313,0],[0,-3.312]],"o":[[0.281,0.438],[0.992,-3.762],[0.105,-3.31],[-3.344,0],[0,2.438]],"v":[[-0.625,7.624],[0.594,7.624],[6,-2.062],[0,-8.062],[-6,-2.062]],"c":true}]},{"i":{"x":0.833,"y":0.833},"o":{"x":0.875,"y":0},"t":48,"s":[{"i":[[-4.562,-6.562],[-0.282,0.438],[-0.125,3.943],[3.313,0],[0,-3.312]],"o":[[0.281,0.438],[0.992,-3.762],[0.105,-3.31],[-3.344,0],[0,2.438]],"v":[[-0.625,7.624],[0.594,7.624],[6,-2.062],[0,-8.062],[-6,-2.062]],"c":true}]},{"i":{"x":0.833,"y":0.833},"o":{"x":0.167,"y":0.167},"t":58,"s":[{"i":[[-2.088,-5.606],[-0.282,0.438],[0,2.438],[3.313,0],[0.083,-3.311]],"o":[[0.281,0.438],[4.562,-6.562],[0,-3.312],[-3.344,0],[-0.111,4.463]],"v":[[-0.625,7.624],[0.594,7.624],[6,-2.062],[0,-8.062],[-6,-2.062]],"c":true}]},{"i":{"x":0.833,"y":0.833},"o":{"x":0.167,"y":0},"t":60,"s":[{"i":[[-2.088,-5.606],[-0.282,0.438],[0,2.438],[3.313,0],[0.083,-3.311]],"o":[[0.281,0.438],[4.562,-6.562],[0,-3.312],[-3.344,0],[-0.111,4.463]],"v":[[-0.625,7.624],[0.594,7.624],[6,-2.062],[0,-8.062],[-6,-2.062]],"c":true}]},{"t":70,"s":[{"i":[[-4.562,-6.562],[-0.282,0.438],[0,2.438],[3.313,0],[0,-3.312]],"o":[[0.281,0.438],[4.562,-6.562],[0,-3.312],[-3.344,0],[0,2.438]],"v":[[-0.625,7.624],[0.594,7.624],[6,-2.062],[0,-8.062],[-6,-2.062]],"c":true}]}],"ix":2},"nm":"Path 2","mn":"ADBE Vector Shape - Group","hd":false},{"ty":"mm","mm":1,"nm":"Merge Paths 1","mn":"ADBE Vector Filter - Merge","hd":false},{"ty":"fl","c":{"a":0,"k":[0.9725490196078431,0.2549019607843137,0.403921568627451,1],"ix":4},"o":{"a":0,"k":100,"ix":5},"r":1,"bm":0,"nm":"Fill 1","mn":"ADBE Vector Graphic - Fill","hd":false},{"ty":"tr","p":{"a":0,"k":[6.25,6.447],"ix":2},"a":{"a":0,"k":[0,-1.865],"ix":1},"s":{"a":0,"k":[100,100],"ix":3},"r":{"a":0,"k":0,"ix":6},"o":{"a":0,"k":100,"ix":7},"sk":{"a":0,"k":0,"ix":4},"sa":{"a":0,"k":0,"ix":5},"nm":"Transform"}],"nm":"Group 1","np":4,"cix":2,"bm":0,"ix":1,"mn":"ADBE Vector Group","hd":false}],"ip":0,"op":78,"st":0,"bm":0}],"markers":[]}